fecha,tc_12m,tc_fin_anio,tc_fin_proximo,ipc_12m,pib_anio,fiscal_anio
2016-06,17.6,16.1,18.7,21.5,-1.4,-350.6
2016-07,17.7,16.2,18.7,21.7,-1.5,-355.0
2016-08,17.8,16.0,18.5,21.9,-1.5,-375.0
2016-09,17.8,16.0,18.4,21.1,-1.7,-378.0
2016-10,18.0,15.7,18.2,19.4,-2.0,-379.5
2016-11,18.3,15.8,18.3,20.0,-2.3,-385.0
2016-12,18.5,,18.5,19.6,,
2017-01,18.6,18.4,21.0,19.7,3.0,-440.0
2017-02,18.3,18.0,20.5,19.5,3.0,-430.0
2017-03,18.4,17.8,20.1,18.4,2.8,-430.0
2017-04,18.3,17.6,20.0,17.5,2.7,-429.4
2017-05,18.6,17.7,20.1,17.0,2.6,-430.0
2017-06,18.8,17.8,20.2,17.0,2.7,-430.0
2017-07,19.8,18.3,20.8,17.1,2.7,-429.0
2017-08,19.9,18.2,20.7,17.2,2.8,-427.9
2017-09,19.9,18.1,20.6,16.9,2.8,-426.4
2017-10,20.1,18.0,20.5,17.3,2.9,-417.0
2017-11,20.2,17.8,20.3,17.5,2.9,-410.4
2017-12,20.4,,20.4,17.4,,
2018-01,22.2,21.9,24.5,18.6,3.0,-408.0
2018-02,22.6,22.0,24.6,17.6,2.7,-409.0
2018-03,23.2,22.5,25.1,17.8,2.5,-410.0
2018-04,23.4,22.6,25.4,18.2,2.5,-400.9
2018-05,29.2,27.4,31.8,22.2,1.3,-355.0
2018-06,32.9,30.3,36.0,24.2,0.5,-360.0
2018-07,33.5,30.5,36.0,23.7,-0.3,-360.0
2018-08,46.7,41.9,50.0,31.5,-1.9,-356.0
2018-09,48.2,43.0,50.4,31.9,-2.5,-360.0
2018-10,47.2,39.3,48.9,30.6,-2.4,-357.8
2018-11,47.7,39.0,48.5,28.6,-2.4,-356.2
2018-12,48.3,,48.3,28.7,,
2019-01,48.4,48.0,55.5,28.5,-1.2,-5.6
2019-02,49.3,48.0,56.4,29.0,-1.3,-38.5
2019-03,52.7,50.0,60.0,30.7,-1.2,-80.0
2019-04,54.6,51.2,61.7,31.4,-1.3,-95.6
2019-05,55.5,51.0,62.0,31.0,-1.5,-100.0
2019-06,55.0,50.2,61.1,30.0,-1.4,-101.4
2019-07,56.0,50.0,60.8,30.2,-1.5,-101.5
2019-08,80.0,66.7,87.1,48.3,-2.5,-142.6
2019-09,82.2,65.0,88.0,48.0,-2.9,-162.5
2019-10,83.0,65.0,87.4,48.2,-3.0,-177.1
2019-11,82.5,63.0,85.9,45.6,-2.8,-173.8
2019-12,80.5,,80.5,42.2,,
2020-01,80.5,78.7,99.0,40.0,-1.5,-141.5
2020-02,83.0,78.9,97.3,39.9,-1.2,-135.3
2020-03,88.0,83.1,107.7,39.5,-4.3,-696.0
2020-04,96.1,85.4,120.1,49.0,-7.0,-1383.9
2020-05,104.1,88.5,122.4,51.0,-9.5,-1647.0
2020-06,105.3,88.0,122.5,52.5,-12.0,-1746.0
2020-07,105.1,86.4,123.2,51.9,-12.5,-2000.0
2020-08,108.1,84.3,122.0,51.2,-12.0,-2000.0
2020-09,109.9,83.8,121.5,50.5,-11.8,-2000.0
2020-10,117.4,84.0,125.0,52.1,-11.6,-1949.0
2020-11,121.1,83.0,126.5,52.5,-10.9,-1875.0
2020-12,125.8,,125.8,49.8,,
2021-01,129.3,125.0,172.0,49.4,5.5,-1728.0
2021-02,125.0,118.6,163.7,45.0,6.2,-1645.0
2021-03,125.6,115.0,160.0,43.1,6.7,-1636.0
2021-04,126.6,112.6,159.1,43.3,6.4,-1666.5
2021-05,128.0,110.2,155.7,43.3,6.0,-1660.0
2021-06,131.3,108.1,156.0,42.9,6.3,-1586.5
2021-07,133.0,107.1,153.5,43.2,6.8,-1545.0
2021-08,139.0,105.7,154.5,43.7,7.2,-1500.0
2021-09,143.0,105.0,155.9,45.6,7.6,-1568.6
2021-10,149.0,105.1,158.9,48.6,8.3,-1186.1
2021-11,154.5,103.7,161.0,52.3,9.7,-1157.8
2021-12,163.7,,163.7,54.8,,
2022-01,163.9,160.0,228.1,53.9,3.0,-1782.6
2022-02,163.1,154.4,221.8,52.9,3.0,-1790.0
2022-03,168.0,154.0,222.0,55.4,3.2,-1919.9
2022-04,176.8,155.0,226.0,56.1,3.5,-2039.1
2022-05,186.9,158.0,238.0,60.1,3.3,-2192.5
2022-06,197.5,159.6,244.9,68.8,3.2,-2331.0
2022-07,228.3,167.2,285.1,83.7,3.4,-2353.0
2022-08,249.6,170.1,298.8,90.5,3.6,-2249.5
2022-09,269.2,173.1,310.4,94.1,4.1,-2252.3
2022-10,284.4,172.3,319.5,98.8,4.8,-2242.6
2022-11,301.5,172.4,320.4,100.7,5.3,-2100.0
2022-12,328.3,,328.3,98.4,,
2023-01,358.0,327.7,615.3,98.5,0.5,-3157.3
2023-02,409.0,330.5,693.6,103.5,0.0,-3198.0
2023-03,455.0,346.2,719.1,113.3,-2.7,-3800.0
2023-04,616.5,398.5,862.5,146.5,-3.1,-4016.0
2023-05,659.5,408.7,917.5,171.1,-3.0,-4500.0
2023-06,690.9,407.6,904.4,161.4,-3.0,-4354.7
2023-07,740.3,423.2,913.0,154.9,-2.8,-4144.0
2023-08,913.3,510.0,1121.5,197.5,-3.0,-4488.0
2023-09,1074.8,530.0,1300.3,185.9,-2.8,-5004.5
2023-10,1245.0,526.4,1375.0,195.6,-2.0,-5288.5
2023-11,1576.0,590.2,1661.4,226.7,-1.4,-5245.0
2023-12,1700.0,,1700.0,213.0,,
2024-01,1770.0,1700.6,2650.0,183.2,-3.0,881.1
2024-02,1805.7,1610.5,2499.2,146.9,-3.5,786.0
2024-03,1628.0,1438.3,2347.0,120.0,-3.5,4923.8
2024-04,1526.0,1300.0,1893.3,88.0,-3.5,4420.0
2024-05,1429.3,1174.7,1760.0,68.9,-3.8,4447.0
2024-06,1429.0,1173.8,1755.0,63.3,-3.7,6076.2
2024-07,1405.4,1088.2,1624.8,53.7,-3.7,7384.0
2024-08,1387.9,1025.4,1514.6,44.7,-3.8,7829.2
2024-09,1279.2,1021.5,1439.5,40.9,-3.8,8689.8
2024-10,1245.0,1021.0,1294.7,35.0,-3.6,9013.8
2024-11,1228.9,1021.4,1249.5,29.4,-3.0,9050.9
2024-12,1205.5,,1205.5,25.9,,
2025-01,1215.1,1200.5,1354.9,21.9,4.6,11649.8
2025-02,1287.1,1175.1,1380.0,22.2,4.8,12052.5
2025-03,1313.0,1253.0,1432.9,24.5,5.0,12000.0
2025-04,1379.0,1322.2,1481.0,26.3,5.1,13031.3
2025-05,1392.0,1300.0,1512.0,20.9,5.2,13427.5
2025-06,1419.8,1324.0,1549.7746,20.75,5.0,13500.8596
2025-07,1522.0,1405.0,1621.6,21.1,5.0,13561.2629
2025-08,1604.1338,1440.8456,1665.25,20.9378,4.4,13419.2776
2025-09,1739.172,1536.325,1811.5,21.85,3.9388,13378.8765
2025-10,1697.3643,1500.0,1744.4168,20.7865,3.9,13228.8393
2025-11,1667.9,1472.9374,1720.0,21.0417,4.4427,12869.589
2025-12,1752.5,,1752.5,20.1494,,
2026-01,1767.565,1750.0,1971.0,20.9722,3.2359,16000.0
2026-02,1747.5167,1706.7875,1955.0,22.3,3.4019,16080.0
2026-03,1780.0,1700.0,1997.0,23.8,3.3,16000.0
2026-04,1789.0,1676.0,2008.89,24.15,2.8,15900.0
2026-05,1760.0,1658.07,2000.0,23.3174,2.91,16000.0
2026-06,1805.0,1672.5,2018.2525,22.3,3.0,15700.0
2026-07,1859.0,1651.7928,2018.25,21.8,2.65,15554.3
